key,original_filename,transcript
da_bath,Men cho'milmoqchiman,Men cho'milmoqchiman
da_brush_teeth,Men tishimni yuvmoqchiman.ogg,Men tishimni yuvmoqchiman
da_drink,Men ichmoqchiman.ogg,Men ichmoqchiman
da_eat,Men ovqatlanmoqchiman.ogg,Men ovqatlanmoqchiman
da_sleep,Men uxlamoqchiman.ogg,Men uxlamoqchiman
da_toilet,Men xojatxonaga bormoqchiman.ogg,Men xojatxonaga bormoqchiman
da_wash_hands,Men qo'limni yuvmoqchiman.ogg,Men qo'limni yuvmoqchiman
fe_angry,Mening jahlim chiqyabdi.ogg,Mening jahlim chiqyabdi
fe_happy,Men hursandman.ogg,Men hursandman
fe_pain,og'riq.ogg,og'riq
fe_pain_head,Bosh.ogg,Bosh
fe_pain_leg,Oyoq.ogg,Oyoq
fe_pain_stomach,Qorin.ogg,Qorin
fe_pain_tooth,Tish.ogg,Tish
fe_sad,Men hafaman.ogg,Men hafaman
fe_scared,Men qo'rqyabman.ogg,Men qo'rqyabman
fe_tired,Men charchadim.ogg,Men charchadim
ne_blanket,Menga ko'rpa kerak.ogg,Menga ko'rpa kerak
ne_break,Men dam olishim kerak.ogg,Men dam olishim kerak
ne_food,Ovqat.ogg,Ovqat
ne_food_apple,Olma.ogg,Olma
ne_food_banana,Banan.ogg,Banan
ne_food_bread,Non.ogg,Non
ne_food_rice,Guruch.ogg,Guruch
ne_help,Menga yordam kerak.ogg,Menga yordam kerak
ne_hug,Men quchoqlashni hohlayman.ogg,Men quchoqlashni hohlayman
ne_medicine,Menga dori kerak.ogg,Menga dori kerak
ne_water,Men suv hohlayman.ogg,Men suv hohlayman
pa_ball,Men top bilan o'ynamoqchiman.ogg,Men top bilan o'ynamoqchiman
pa_book,Men kitob o'qimoqchiman.ogg,Men kitob o'qimoqchiman
pa_drawing,Men rasm chizmoqchiman.ogg,Men rasm chizmoqchiman
pa_music,Men musiqa tinglamoqchiman.ogg,Men musiqa tinglamoqchiman
pa_toy,Men o'yinchog'imni hohlayman.ogg,Men o'yinchog'imni hohlayman
pe_doctor,Men shifokorni hohlayman.ogg,Men shifokorni hohlayman
pe_grandma,Men buvimni hohlayman.ogg,Men buvimni hohlayman
pe_mom,Men oyimni hohlayman.ogg,Men oyimni hohlayman
pe_teacher,Men o'qituvchimni hohlayman.ogg,Men o'qituvchimni hohlayman
pl_bathroom,Men hamomga bormoqchiman.ogg,Men hamomga bormoqchiman
pl_hospital,Men shifoxonaga bormoqchiman.ogg,Men shifoxonaga bormoqchiman
pl_kitchen,Men oshxonaga bormoqchiman.ogg,Men oshxonaga bormoqchiman
pl_outside,Men tashqariga chiqmoqchiman.ogg,Men tashqariga chiqmoqchiman
pl_school,Men maktabga bormoqchiman.ogg,Men maktabga bormoqchiman
